{
  "schema": "edgesync.bench/v1",
  "measurement": true,
  "timestamp_utc": "2026-07-10T05:58:42Z",
  "git_commit": "dafa99b",
  "engine": "llamacpp",
  "engine_version": "b3117",
  "model": "qwen/Qwen2.5-0.5B-Instruct/Q4_K_M/ctx4096",
  "embedder": "FallbackEncoder (FNV-1a hash, no model)",
  "goarch": "amd64",
  "goos": "windows",
  "num_cpu": 16,
  "cpu_model": "unknown",
  "config": {
    "N": 40,
    "MaxGen": 8,
    "Repeats": 3,
    "Warmup": 1,
    "Seed": 42,
    "PrefixShare": 0.8,
    "EmbedDir": "./models",
    "Strict": true,
    "Adapter": {
      "ModelPath": "C:/Users/blidn/models/qwen2.5-0.5b-instruct-q4_k_m.gguf",
      "Arch": "qwen",
      "ModelName": "Qwen2.5-0.5B-Instruct",
      "Quant": "Q4_K_M",
      "NCtx": 4096,
      "NThreads": 4,
      "NGpuLayers": 0,
      "HeadDim": 64,
      "NumKVHeads": 2,
      "NumLayers": 24
    }
  },
  "corpus_hash": "0437344b8c721b7c",
  "duration_sec": 269.3962041,
  "result": {
    "cold_ttft": {
      "n": 40,
      "mean_ms": 1394.820875,
      "median_ms": 1363.3075,
      "p50_ms": 1363.3075,
      "p90_ms": 1537.345,
      "p95_ms": 1571.3157499999995,
      "p99_ms": 1811.62943,
      "min_ms": 1199.822,
      "max_ms": 1860.989,
      "stddev_ms": 141.54524584616271,
      "ci95_lo_ms": 1350.9555488534484,
      "ci95_hi_ms": 1438.6862011465514
    },
    "frag_ttft_all": {
      "n": 40,
      "mean_ms": 698.044725,
      "median_ms": 206.5635,
      "p50_ms": 206.5635,
      "p90_ms": 1537.345,
      "p95_ms": 1571.3157499999995,
      "p99_ms": 1811.62943,
      "min_ms": 138.029,
      "max_ms": 1860.989,
      "stddev_ms": 644.7502116986354,
      "ci95_lo_ms": 498.23456429734404,
      "ci95_hi_ms": 897.8548857026559
    },
    "frag_ttft_hits": {
      "n": 24,
      "mean_ms": 185.02312500000002,
      "median_ms": 185.3415,
      "p50_ms": 185.3415,
      "p90_ms": 215.7159,
      "p95_ms": 222.89124999999999,
      "p99_ms": 228.28543,
      "min_ms": 138.029,
      "max_ms": 229.702,
      "stddev_ms": 23.37725253375969,
      "ci95_lo_ms": 175.6702760850036,
      "ci95_hi_ms": 194.37597391499645
    },
    "hit_rate_pct": 60,
    "exact_hits": 24,
    "partial_hits": 0,
    "misses": 16,
    "speedup_all": 1.9981826737534618,
    "speedup_hits": 7.538629968551227,
    "speedup_significant": true,
    "correct_hits": 24,
    "total_hits": 24,
    "match_rate_pct": 100,
    "fragment_count": 16,
    "fragment_total_mb": 26.425857543945312,
    "fragment_avg_mb": 1.651616096496582,
    "rss_delta_mb": 0,
    "generate_errors": 0,
    "extract_errors": 0,
    "inject_errors": 0,
    "inert_hits": 0,
    "inert_checked": 24,
    "preflight_prompt_tokens": 161,
    "preflight_prefill_tok_per_s": 98.6011618523986
  }
}
